-- phpMyAdmin SQL Dump
-- version 4.0.10deb1
-- http://www.phpmyadmin.net
--
-- Host: localhost
-- Generation Time: May 04, 2017 at 09:19 PM
-- Server version: 5.5.55-0ubuntu0.14.04.1
-- PHP Version: 5.5.9-1ubuntu4.21

SET SQL_MODE = "NO_AUTO_VALUE_ON_ZERO";
SET time_zone = "+00:00";


/*!40101 SET @OLD_CHARACTER_SET_CLIENT=@@CHARACTER_SET_CLIENT */;
/*!40101 SET @OLD_CHARACTER_SET_RESULTS=@@CHARACTER_SET_RESULTS */;
/*!40101 SET @OLD_COLLATION_CONNECTION=@@COLLATION_CONNECTION */;
/*!40101 SET NAMES utf8 */;

--
-- Database: `sgadb`
--

-- --------------------------------------------------------

--
-- Dumping data for table `champetudes`
--

INSERT INTO `champ_etudes` (`codeChampEtude`, `libelleChampEtude`) VALUES
(100, 'Science de l''éducation'),
(200, 'Gestion de projets'),
(300, 'Ingénierie'),
(400, 'Formation professionnelle et technique');

-- --------------------------------------------------------


--
-- Dumping data for table `etudiants`
--

INSERT INTO `etudiants` (`codePerm`, `nom`, `prenom`) VALUES
('ABRJ61081800', 'ABRAHAM', 'Jacques'),
('AGEJ58122500', 'AGENOR', 'Jacques Emmanuel'),
('ALEP75062900', 'ALEANDRE', 'Polin'),
('ALER78011500', 'ALEXANDRE', 'Rélex'),
('ALEV80601800', 'ALEXANDRE', 'Venuse Maille'),
('AMIJ85120500', 'Amilcar', 'Jean-Noël'),
('ANDD77040900', 'ANDRE', 'Diamel'),
('ARIJ76032000', 'ARISMA', 'Jean-Pïerre'),
('AUGF87093000', 'AUGUSTIN', ' Frantzsou'),
('AUGJ74102600', 'AUGUSTIN', 'John wesley'),
('AUGO71102300', 'AUGUSTIN', 'Odule'),
('AUGW79572500', 'AUGUSTIN', 'Wichemise Duviné'),
('AUGW87012600', 'AUGUSTIN', 'Wilson'),
('BAYB64571500', 'BAYARD', 'bellita'),
('BEAA90560400', 'BEAUBOEUF', 'Anne Jessica'),
('BEND81571900', 'BENJAMIN', 'Dieunise'),
('BERJ51081900', 'BERGER', 'Vertulio'),
('BERS82112700', 'Bernardin', 'Saint-Victor Alfredo'),
('BERW63102300', 'BERNARD', 'Wilson'),
('BLAJ79020900', 'BLANC', 'Jacquelin'),
('CADN83060500', 'CADET', 'Noucely'),
('CADR86070700', 'CADET', 'Rithodel'),
('CALR86030200', 'CALIXTE', 'Ricard'),
('CAPO69081800', 'CAPRICE', 'Osmin Fils'),
('CELF66102400', 'CELESTIN', 'Franklin'),
('CHAC88052700', 'CHARLES', 'Chancy Onoré'),
('CHAJ64090600', 'CHARLES', 'Jean Michel'),
('CHAR70101100', 'Charles', 'Roger'),
('CHEJ52102200', 'CHERY', 'Jean-Claude'),
('CHEJ81102800', 'CHERISTIN', 'Jonas'),
('CHEJ86081900', 'CHERAMY', 'Jeantel'),
('CHER79013100', 'CHERISTIN', 'Rico'),
('CHOJ69060500', 'CHOULOUTE', 'Jérôme'),
('CLAJ70121200', 'CLAIRESIA', 'Joel'),
('CLAJ79050200', 'CLAIRCIDOR', 'Jean Rouzier'),
('CODD66021500', 'CODIO', 'Dumesle'),
('COEUA81070500', 'COEUR', 'Antoine Mary'),
('DANJ77052900', 'DANIEL', 'Jean Jacson'),
('DEFL55021700', 'DEFAY', 'Leo '),
('DELF78122400', 'DELMAS', 'Franck'),
('DELS88572000', 'DELMA', 'stephanie'),
('DERE63012000', 'DERIVOIS', 'Emmanuel'),
('DESF70101200', 'DÉSIRÉ', 'Fritz'),
('DESJ80041900', 'DÉSIR', 'Jacques Emmanuel'),
('DESO74021200', 'DESHOMMES', 'Obène'),
('DOMS83572400', 'DOMINIQUE', 'Sherley'),
('DORE81060700', 'DORVIL', 'Eliote'),
('DORO74071300', 'DORVAL', 'Omilty'),
('DORP61100600', 'DORAN', ' Phelito'),
('DORP62050700', 'DORVIL', 'Pierre Alex'),
('DUMP69043000', 'DUMÉ', 'Prospere'),
('DUPS81121500', 'DUPRE', 'Samuel'),
('EDMJ67020600', 'EDMOND', 'Jean Kechnor'),
('EDOA76100600', 'EDOUARD', 'Alnique'),
('EDOP73041200', 'EDOUARD', 'Patrick'),
('EDOR83060200', 'EDOUARD', 'ROODNE'),
('ELVL88011100', 'ELVEUS', 'Loubens'),
('ESTS86601700', 'ESTEL', 'Shuwell'),
('ETIP80061700', 'ETIENNE', 'Pierre Bredy'),
('EUGS56061500', 'EUGENE', 'Samuel'),
('EUGS88090600', 'Eugene', 'Sam-Fleury'),
('EUSR64080300', 'EUSTACHE', 'Romel'),
('EXUF82101200', 'EXUME', 'Fleurimond'),
('FAVA75081100', 'FAVERDIEU', 'Antoine Gelin'),
('FELJ71081600', 'FELIX', 'Jean Claude'),
('FENJ60032000', 'FENELUS', 'Jean Luc'),
('FILH71062200', 'FILS-AIMÉ', 'Henri-Claude'),
('FLEJ74120200', 'FLEURIDOR', 'Joslin'),
('FLEV74102200', 'FLECHER', 'viclince'),
('FOMH76021400', 'FOMBRUN', 'Henry'),
('FRAE68120200', 'FRANCOIS', 'Elysée'),
('FRAR58102200', 'FRANCOIS', 'Rony'),
('FRAR65060900', 'FRANCOIS', 'Rube'),
('GABP63063000', 'GABAUD', 'Pierre Marcel'),
('GELD78541500', 'GELIN', 'DIEULA'),
('GELJ85031400', 'GELIN', 'Jhony'),
('GERC58622200', 'GERVAIS', 'Christianne'),
('GERL73510300', 'GERMAIN', 'Larosaire Garçon'),
('GERW79051300', 'GERMAIN', 'Waldinde'),
('GRAE87102100', 'GRACIA', 'Erantz Romain'),
('GUEJ71121500', 'GUE', 'Jean Elifaite'),
('GUEP72011600', 'GUERRIER', 'Paul'),
('GUES70580300', 'GUERRIER', 'Suzanne'),
('HIBD82521100', 'HIBART', 'Danise'),
('INNF66120300', 'Frederick', 'Innocent'),
('INNY85511100', 'INNOCENT', 'Youseline'),
('ITAO83022100', 'ITALIS', 'Olson'),
('JASP84121200', 'JASMIN', 'Pierre Remski'),
('JEAE77011500', 'Jean Francois', 'Emmanuel'),
('JEAE85113000', 'JEAN', 'Eventz'),
('JEAF59012200', 'JEAN-CHARLES', 'Francisque'),
('JEAG64121200', 'Jean-Pierre', 'Guyto'),
('JEAM76571000', 'Jean Baptiste', 'Magdala'),
('JEAM83551800', 'JEAN-BAPTISTE', 'Marie Lynnenda Vania'),
('JEAM89030900', 'JEAN', 'Medelin'),
('JEAS70021100', 'JEAN', 'Smith'),
('JOAN62071600', 'JOACHIM', 'Nathan'),
('JOLF85100900', 'JOLIN', 'Fritz Gérald'),
('JOSB82031500', 'JOSEPH', 'Brunel'),
('JOSF77610600', 'JOSEPH', 'Francoise'),
('JOSG59123100', 'JOSEPH', 'Gustave'),
('JOSJ62041200', 'JOSEPH', 'Jean Brunel'),
('JOSJ74122300', 'JOSEPH', 'Jean Judson'),
('JOSJ75061800', 'JOSEPH', 'Jordany'),
('JOSL69572900', 'JOSEPH', 'Lunie'),
('JOSS85012500', 'JOSEPH', 'Stanley'),
('JOSW75100300', 'JOSEPH', 'Wisnique'),
('JULG75090200', 'JULMICE', 'Guy'),
('JULI81041600', 'JULIEN', 'Irvings'),
('JULW61010700', 'JULMICE', 'Waldeck A.'),
('LABL68032500', 'Labady', 'Laneau'),
('LAGC74022800', 'LAGUERRE', 'Cerliot'),
('LECL68042000', 'LECLAIRE', 'Leopoldo'),
('LEFA72030400', 'LEFRANC', 'Arnoux'),
('LEGE63123000', 'LEGER', 'Erickson'),
('LINJ64031500', 'LINCIFORT', 'Jacques'),
('LORJ69122700', 'LORMILUS', 'Joseph Benjamin'),
('LUSH74521000', 'LUSTIN', 'Hernane'),
('LUXM78543000', 'Luxius', 'Merlyne'),
('MALS85620400', 'MALVOISIN', 'Stephanie Martine'),
('MARM77022500', 'MARTIN', 'Mario'),
('MATJ82021000', 'MATHIEU', 'Jean Herold'),
('MAUO75112500', 'MAURANCY', 'Olibrice'),
('MONJ68121200', 'Monchélus', 'Jesner'),
('MONM73070700', 'Mondesir', 'Marc'),
('MONN71012800', 'MONPOINT', 'Nesmy'),
('NARH64080800', 'NARCISSE', 'Harold'),
('NICA70112200', 'NICOLAS', 'Aky  Alix'),
('NICG82090200', 'NICOLAS', 'Guitho'),
('NOEA86122300', 'NOEL', 'Amos'),
('ODEO83050300', 'ODEUS', 'Odney Georges'),
('OGEF83511900', 'OGE', 'Fania'),
('OLIT69110400', 'OLIVIER', 'Theogene'),
('ORDS78111200', 'ORDENA', 'Sadrack'),
('ORTF75111300', 'ORTILIEN', 'Farilus'),
('PAUM69570700', 'PAUL', 'Marie Nicole '),
('PAUW83011700', 'PAUL', 'Wesly'),
('PIEA54020100', 'PIERRE', ' Aramy'),
('PIEA78042500', 'PIERRE', 'Auberson'),
('PIEC67020600', 'PIERRE', 'Cénatus'),
('PIEE78092000', 'PIERRE', 'Eritoine'),
('PIEJ75111000', 'PIERRE', 'Jean Gerard'),
('PIEJ76062400', 'PIERRE', 'Jean Edy V.'),
('PIEJ80011300', 'PIERRE', 'Jud'),
('PIEM80012000', 'PIERRE-LOUIS', 'Michelet'),
('PIEM81092900', 'Pierre', ' mackensy'),
('PIEP58541500', 'PIERRE', 'Philomène Maryse'),
('PIEP71022800', 'PIERRE', 'Phistin'),
('PIER47592700', 'PIERRE', 'Rosenie'),
('PLAJ77011500', 'PLAISIMOND', 'Joel'),
('POMM87611800', 'POMPEE', 'Marie Carmel Cassandre'),
('POMO74582300', 'POMPY', 'Océnia'),
('PROE84621200', 'PROPHETE', 'ELSON'),
('RAMM62612300', 'RAMEAU', 'Marie Michelle Sylvie'),
('RAMM64062600', 'RAMEAU', 'Max Robert'),
('REGA65112000', 'RÉGIS', 'Ary'),
('REGJ52012500', 'REGIS', 'Judes'),
('REVM77010800', 'REVOLUS', 'Mackes'),
('RIVF87011600', 'RIvière', 'Frantz-Rodney'),
('SAIA84551200', 'SAINTILMOND', 'Adeleine'),
('SAIG57113000', 'SAINT-JEAN', 'Gregoire Andre Mersenne'),
('SAIG63012400', 'SAINFLEUR', 'Georges'),
('SAIJ77041000', 'SAINT-HILAIRE', 'Julmice'),
('SAIM66092800', 'SAINTILUS', 'Michelin'),
('SAIP67060800', 'SAINT-JEAN', 'Paul'),
('SAIQ75071600', 'Saint-VIL', 'Quetony'),
('SALG76082100', 'SALOMON', 'Gabriel Jean'),
('SENJ76102500', 'SENAT', 'Johny'),
('SULJ83552600', 'SULLY', 'Johanne'),
('SUPE61601400', 'SUPPLICE BEAUZILE', 'Edmonde'),
('SURD76102000', 'SURFIN', 'Delaneau'),
('TANE87571800', 'TANIS ', 'Emane '),
('THEE64122100', 'THEODORE', 'Ernst'),
('THEW72121600', 'THELUS', 'Wilson'),
('TIMJ66010300', 'TIMOGÈNE', 'Jean Lucner'),
('TOUA72012600', 'TOUSSAINT', 'Altes'),
('TOUD87102000', 'TOUSSAINT', 'David'),
('TOUP88121900', 'TOUSSAINT', 'Pierre splendeur'),
('TOUS87070900', 'TOUSSAINT', 'Shedlin'),
('ULYD79010100', 'ULYSSE', 'Damas'),
('ULYE85012200', 'ULYSSE', 'Erve'),
('VALB65112000', 'VALCIN', 'Brizard'),
('VEVC62512100', 'VEVE', 'Chimène'),
('VICD70101200', 'Victorin', 'Donald T'),
('VILW84011100', 'VILSAINT', 'Wichemy'),
('VITM80612000', 'VITAL', 'Modeline'),
('VOLJ69012200', 'VOLTAIRE', 'Jean Amorse');

-- --------------------------------------------------------


--
-- Dumping data for table `decisions`
--

INSERT INTO `decisions` (`codeDecision`, `libelleDecision`) VALUES
(1, 'autorise a poursuivre'),
(2, 'Autorise a poursuivre sous conditions'),
(3, 'N est pas autorise a poursuivre');

-- --------------------------------------------------------



-- Dumping data for table `cours`
--

INSERT INTO `cours` (`sigle`, `titre`, `nbCredits`) VALUES
('BIO6000', 'Biologie cellulaire', 2),
('BIO6010', 'Histologie humaine', 2),
('BIO6040', 'Biodiversité, écologie et environnement', 1),
('BIO6050', 'Microbiologie et immunologie', 2),
('BIO6060', 'Biologie moléculaire', 2),
('BIO6080', 'Physiologie végétale', 2),
('BIO6090', 'Progrès récents en biologie', 2),
('EDU6000', 'Gestion en milieu scolaire', 2),
('EDU6010', 'Intégration à la formation de gestionnaire en éducation', 1),
('EDU6020', 'Fondements de l''administration scolaire', 2),
('EDU6030', 'Leadership en contexte de réforme scolaire', 2),
('EDU6040', 'Organisation de l’année scolaire', 2),
('EDU6050', 'Atelier d’analyse réflexive des savoirs et des pratiques en milieu éducatif', 1),
('EDU6060', 'Management des systèmes éducatifs', 2),
('EDU6070', 'Activité de mentorat', 1),
('EDU7010', 'Fondements des problématiques en éducation', 2),
('FAD6000', 'Fondements de la formation à distance', 2),
('FAD6010', 'Administration de systèmes de formation à distance', 3),
('FAD6025', 'Ingénierie pédagogique et formation à distance', 2),
('FAD6030', 'TIC et apprentissage en milieu de travail', 3),
('FAD6050', 'Sujets avancés en formation à distance', 2),
('INF8405', 'Informatique mobile', 3),
('IST5000', 'Évolution historique d''Haïti', 1),
('IST5010', 'La science dans la pensée haïtienne ', 1),
('IST5020', 'Problèmes contemporains d’Haïti', 1),
('IST5030', 'Haïti dans l’Histoire de l’Humanité ', 1),
('IST5040', 'Science, citoyenneté et leadership', 1),
('IST5050', 'Éléments d’éthique ', 1),
('IST5060', 'Éléments d’épistémologie', 1),
('IST5070', 'Mathématiques de base pour scientifiques', 3),
('IST5080', 'Pédagogie universitaire ', 1),
('IST5090', 'Stratégies de résolution de problèmes', 1),
('IST6000', 'Outils statistiques et informatiques pour scientifiques', 2),
('IST6005', 'Outils statistiques et informatiques', 2),
('IST6010', 'Conception d’environnements d’apprentissage', 1),
('IST6011', 'Conception d’environnements d’apprentissage', 1),
('IST6020', 'Méthodes de recherche scientifique', 1),
('IST6030', 'conduite d un projet de recherche', 1),
('IST6040', 'Traitement de l’information scientifique et technique I', 1),
('IST6045', 'Traitement de l’information scientifique et technique II', 1),
('IST6050', 'Femmes et sciences', 1),
('IST7000', 'Perspectives du savoir-être', 1),
('MAT6000', 'Algèbre linéaire', 1),
('MAT6020', 'Analyse mathématique', 2),
('MAT6030', 'Algèbre', 2),
('MAT6040', 'Calcul différentiel et intégral', 2),
('MAT6050', 'Calcul vectoriel', 1),
('MAT6060', 'Équations différentielles ordinaires et partielles', 1),
('MAT6070', 'Probabilités et statistiques', 2),
('MAT6075', 'Recherche opérationelle', 2),
('MAT6080', 'Mathématiques discrètes', 1),
('MAT6090', 'Analyse numérique', 1),
('STA6000', 'Géologie générale', 2),
('STA6005', 'Cartographie numérique et systèmes d''information géographique', 2),
('STA6020', 'Météorologie générale', 2),
('STA6025', 'Éléments de télédétection', 2),
('STA6030', 'Système Terre', 2),
('STA6035', 'Risques géologiques environnementaux', 3),
('STA6070', 'Sujets avancés en sciences de la terre et de l’atmosphère', 2);

-- --------------------------------------------------------



--
-- Dumping data for table `sessions`
--

INSERT INTO `sessions` (`codeSession`, `annee`, `libelleSession`) VALUES
(20153, 2015, 'Automne'),
(20161, 2016, 'Hiver '),
(20162, 2016, 'Ete');

-- --------------------------------------------------------


--
-- Dumping data for table `programmes`
--

INSERT INTO `programmes` (`codeProg`, `nomProg`) VALUES
('DESS', 'Diplôme d''Études Supérieures Spécialisées'),
('M.Sc.', 'Maitrise en Sciences'),
('M.Sc.A.', 'Maitrise en Sciences Appliquées'),
('Ph.D.', 'Doctorat');

-- --------------------------------------------------------



--
-- Dumping data for table `orientations`
--

INSERT INTO `orientations` (`codeOrientation`, `libelleOrientation`) VALUES
(1001, 'Gestion des systèmes d''éducation'),
(1002, 'Sciences de la terre et de l''atmosphère'),
(1003, 'Formation à distance e-learning'),
(1004, 'Mathématiques'),
(1005, 'Biologie et sciences de la vie'),
(1006, 'Chimie'),
(1007, 'Physique'),
(2001, 'Ingénierie civile'),
(2002, 'Architecture et aménagement'),
(2003, 'Affaires et ingénierie sociale'),
(2004, 'Technologies'),
(2005, 'Gouvernance électronique'),
(2006, 'Ingénierie sociale et affaires'),
(3001, 'Génie informatique et des technologies de l’information'),
(3002, 'Génie des mines'),
(3003, 'Génie des ressources hydriques'),
(3004, 'Génie des systèmes énergétiques'),
(3005, 'Génie des transports et des infrastructures'),
(4000, ' ');

-- --------------------------------------------------------


--
-- Dumping data for table `notations`
--

INSERT INTO `notations` (`id`, `note`, `valeur`, `type`) VALUES
(1, 'A*', 4, 'N'),
(2, 'A', 4, 'N'),
(3, 'B+', 3.5, 'N'),
(4, 'B', 3, 'N'),
(5, 'C+', 2.5, 'N'),
(6, 'C', 2, 'N'),
(7, 'D+', 1.5, 'N'),
(8, 'D', 1, 'N'),
(9, 'E', 0, 'N'),
(10, 'Ab', 1, 'M'),
(11, 'Av', 1, 'M'),
(12, 'Eq', 1, 'M');

-- --------------------------------------------------------


--
-- Dumping data for table `statutcoursorientation`
--

INSERT INTO `statut_cours_orientations` (`sigle`, `codeOrientation`, `statut`) VALUES
('IST5000', 1002, 'O'),
('IST5000', 1003, 'O'),
('IST5000', 1004, 'O'),
('IST5000', 1005, 'O'),
('IST5000', 1006, 'O'),
('IST5000', 1007, 'O'),
('IST5010', 1001, 'O'),
('IST5010', 1002, 'O'),
('IST5010', 1003, 'O'),
('IST5010', 1004, 'O'),
('IST5010', 1005, 'O'),
('IST5010', 1006, 'O'),
('IST5010', 1007, 'O'),
('IST5020', 1001, 'O'),
('IST5020', 1002, 'O'),
('IST5020', 1003, 'O'),
('IST5020', 1004, 'O'),
('IST5020', 1005, 'O'),
('IST5020', 1006, 'O'),
('IST5020', 1007, 'O'),
('IST5030', 1001, 'O'),
('IST5030', 1002, 'O'),
('IST5030', 1003, 'O'),
('IST5030', 1004, 'O'),
('IST5030', 1005, 'O'),
('IST5030', 1006, 'O'),
('IST5030', 1007, 'O'),
('IST5040', 1001, 'O'),
('IST5040', 1002, 'O'),
('IST5040', 1003, 'O'),
('IST5040', 1004, 'O'),
('IST5040', 1005, 'O'),
('IST5040', 1006, 'O'),
('IST5040', 1007, 'O'),
('IST5050', 1001, 'O'),
('IST5050', 1002, 'O'),
('IST5050', 1003, 'O'),
('IST5050', 1004, 'O'),
('IST5050', 1005, 'O'),
('IST5050', 1006, 'O'),
('IST5050', 1007, 'O'),
('IST5060', 1001, 'O'),
('IST5060', 1002, 'O'),
('IST5060', 1003, 'O'),
('IST5060', 1004, 'O'),
('IST5060', 1005, 'O'),
('IST5060', 1006, 'O'),
('IST5060', 1007, 'O'),
('IST5070', 1002, 'C'),
('IST5070', 1004, 'C'),
('IST5070', 1005, 'C'),
('IST5070', 1006, 'C'),
('IST5070', 1007, 'C'),
('IST5080', 1001, 'C'),
('IST5080', 1002, 'C'),
('IST5080', 1003, 'C'),
('IST5080', 1004, 'C'),
('IST5080', 1005, 'C'),
('IST5080', 1006, 'C'),
('IST5080', 1007, 'C'),
('IST5090', 1001, 'C'),
('IST5090', 1002, 'C'),
('IST5090', 1003, 'C'),
('IST5090', 1004, 'C'),
('IST5090', 1005, 'C'),
('IST5090', 1006, 'C'),
('IST5090', 1007, 'C'),
('IST6000', 1001, 'C'),
('IST6000', 1002, 'C'),
('IST6000', 1003, 'C'),
('IST6000', 1004, 'C'),
('IST6000', 1005, 'C'),
('IST6000', 1006, 'C'),
('IST6000', 1007, 'C'),
('IST6011', 1001, 'C'),
('IST6011', 1002, 'C'),
('IST6011', 1003, 'C'),
('IST6011', 1004, 'C'),
('IST6011', 1005, 'C'),
('IST6011', 1006, 'C'),
('IST6011', 1007, 'C'),
('IST6020', 1001, 'O'),
('IST6020', 1002, 'O'),
('IST6020', 1003, 'O'),
('IST6020', 1004, 'O'),
('IST6020', 1005, 'O'),
('IST6020', 1006, 'O'),
('IST6020', 1007, 'O'),
('IST6030', 1001, 'O'),
('IST6030', 1002, 'O'),
('IST6030', 1003, 'O'),
('IST6030', 1004, 'O'),
('IST6030', 1005, 'O'),
('IST6030', 1006, 'O'),
('IST6030', 1007, 'O'),
('IST6040', 1001, 'O'),
('IST6040', 1002, 'O'),
('IST6040', 1003, 'O'),
('IST6040', 1004, 'O'),
('IST6040', 1005, 'O'),
('IST6040', 1006, 'O'),
('IST6040', 1007, 'O'),
('IST6045', 1001, 'C'),
('IST6045', 1003, 'C'),
('IST6050', 1001, 'C'),
('IST6050', 1002, 'C'),
('IST6050', 1003, 'C'),
('IST6050', 1004, 'C'),
('IST6050', 1005, 'C'),
('IST6050', 1006, 'C'),
('IST6050', 1007, 'C');

-- --------------------------------------------------------



--
-- Dumping data for table `inscriptionsession`
--

INSERT INTO `inscription_sessions` (`codePerm`, `codeSession`, `codeProg`, `codeChampEtude`, `codeOrientation`, `codeSessionPrec`, `changemProg`) VALUES
('GABP63063000', 20161, 'M.Sc.', 400, 4000, 20153, '0'),
('VICD70101200', 20161, 'M.Sc.', 400, 4000, 20153, '0'),
('CHAR70101100', 20161, 'DESS', 400, 4000, 20153, '0'),
('INNF66120300', 20161, 'M.Sc.', 400, 4000, 20153, '0'),
('MALS85620400', 20161, 'M.Sc.', 200, 2002, 20153, '0'),
('ORTF75111300', 20161, 'M.Sc.', 200, 2002, 20153, '0'),
('BEAA90560400', 20161, 'M.Sc.', 200, 2001, 20153, '0'),
('JEAS70021100', 20161, 'M.Sc.', 200, 2001, 20153, '0'),
('JOSJ62041200', 20161, 'M.Sc.', 200, 2001, 20153, '0'),
('ALEP75062900', 20161, 'M.Sc.', 200, 2006, 20153, '0'),
('ARIJ76032000', 20161, 'M.Sc.', 200, 2006, 20153, '0'),
('AUGO71102300', 20161, 'M.Sc.', 200, 2006, 20153, '0'),
('CHEJ81102800', 20161, 'M.Sc.', 200, 2006, 20153, '0'),
('CHOJ69060500', 20161, 'M.Sc.', 200, 2006, 20153, '0'),
('DELS88572000', 20161, 'M.Sc.', 200, 2006, 20153, '0'),
('DORE81060700', 20161, 'M.Sc.', 200, 2006, 20153, '0'),
('EDOA76100600', 20161, 'M.Sc.', 200, 2006, 20153, '0'),
('FELJ71081600', 20161, 'M.Sc.', 200, 2006, 20153, '0'),
('GELJ85031400', 20161, 'M.Sc.', 200, 2006, 20153, '0'),
('GRAE87102100', 20161, 'M.Sc.', 200, 2006, 20153, '0'),
('JEAE77011500', 20161, 'M.Sc.', 200, 2006, 20153, '0'),
('JEAG64121200', 20161, 'M.Sc.', 200, 2006, 20153, '0'),
('LORJ69122700', 20161, 'M.Sc.', 200, 2006, 20153, '0'),
('RAMM64062600', 20161, 'M.Sc.', 200, 2006, 20153, '0'),
('SAIJ77041000', 20161, 'M.Sc.', 200, 2006, 20153, '0'),
('SAIQ75071600', 20161, 'M.Sc.', 200, 2006, 20153, '0'),
('SENJ76102500', 20161, 'M.Sc.', 200, 2006, 20153, '0'),
('VILW84011100', 20161, 'M.Sc.', 200, 2006, 20153, '0'),
('VITM80612000', 20161, 'M.Sc.', 200, 2006, 20153, '0'),
('GELD78541500', 20161, 'M.Sc.', 200, 2004, 20153, '0'),
('JOLF85100900', 20161, 'M.Sc.', 200, 2004, 20153, '0'),
('SULJ83552600', 20161, 'M.Sc.', 200, 2004, 20153, '0'),
('TOUP88121900', 20161, 'DESS', 200, 2004, 20153, '0'),
('FILH71062200', 20161, 'Ph.D.', 300, 3002, 20153, '0'),
('AMIJ85120500', 20161, 'DESS', 300, 3003, 20153, '0'),
('CHEJ86081900', 20161, 'M.Sc.', 300, 3003, 20153, '0'),
('EDOP73041200', 20161, 'M.Sc.', 300, 3003, 20153, '0'),
('HIBD82521100', 20161, 'M.Sc.', 300, 3003, 20153, '0'),
('PIEJ80011300', 20161, 'M.Sc.', 300, 3003, 20153, '0'),
('PROE84621200', 20161, 'Ph.D.', 300, 3003, 20153, '0'),
('COEUA81070500', 20161, 'M.Sc.', 300, 3001, 20153, '0'),
('ITAO83022100', 20161, 'M.Sc.', 300, 3001, 20153, '0'),
('MATJ82021000', 20161, 'M.Sc.', 300, 3001, 20153, '0'),
('NOEA86122300', 20161, 'M.Sc.', 300, 3001, 20153, '0'),
('SURD76102000', 20161, 'M.Sc.', 300, 3001, 20153, '0'),
('TOUD87102000', 20161, 'M.Sc.', 300, 3001, 20153, '0'),
('DERE63012000', 20161, 'Ph.D.', 300, 2001, 20153, '0'),
('SAIM66092800', 20161, 'M.Sc.', 300, 1002, 20153, '0'),
('PAUW83011700', 20161, 'M.Sc.', 100, 1001, 20153, '0'),
('PAUM69570700', 20161, 'M.Sc.', 100, 1001, 20153, '0'),
('MARM77022500', 20161, 'M.Sc.', 100, 1005, 20153, '0'),
('AUGW87012600', 20161, 'M.Sc.', 100, 2006, 20153, '0'),
('BERS82112700', 20161, 'M.Sc.', 100, 2006, 20153, '0'),
('EDOR83060200', 20161, 'M.Sc.', 100, 2006, 20153, '0'),
('FAVA75081100', 20161, 'M.Sc.', 100, 2006, 20153, '0'),
('PIER47592700', 20161, 'M.Sc.', 100, 2006, 20153, '0'),
('PIEJ76062400', 20161, 'M.Sc.', 100, 2006, 20153, '0'),
('VOLJ69012200', 20161, 'M.Sc.', 100, 2006, 20153, '0'),
('CHEJ52102200', 20161, 'M.Sc.', 100, 1003, 20153, '0'),
('ODEO83050300', 20161, 'Ph.D.', 100, 1003, 20153, '0'),
('PIEM80012000', 20161, 'M.Sc.', 100, 1003, 20153, '0'),
('PLAJ77011500', 20161, 'Ph.D.', 100, 1003, 20153, '0'),
('DOMS83572400', 20161, 'DESS', 100, 1003, 20153, '0'),
('AGEJ58122500', 20161, 'Ph.D.', 100, 1001, 20153, '0'),
('ALEV80601800', 20161, 'Ph.D.', 100, 1001, 20153, '0'),
('ANDD77040900', 20161, 'M.Sc.', 100, 1001, 20153, '0'),
('AUGW79572500', 20161, 'M.Sc.', 100, 1001, 20153, '0'),
('BAYB64571500', 20161, 'Ph.D.', 100, 1001, 20153, '0'),
('BERJ51081900', 20161, 'M.Sc.', 100, 1001, 20153, '0'),
('BERW63102300', 20161, 'M.Sc.', 100, 1001, 20153, '0'),
('CALR86030200', 20161, 'M.Sc.', 100, 1001, 20153, '0'),
('CAPO69081800', 20161, 'Ph.D.', 100, 1001, 20153, '0'),
('CLAJ79050200', 20161, 'Ph.D.', 100, 1001, 20153, '0'),
('CODD66021500', 20161, 'M.Sc.', 100, 1001, 20153, '0'),
('DANJ77052900', 20161, 'Ph.D.', 100, 1001, 20153, '0'),
('DORP61100600', 20161, 'Ph.D.', 100, 1001, 20153, '0'),
('DORP62050700', 20161, 'M.Sc.', 100, 1001, 20153, '0'),
('DUMP69043000', 20161, 'Ph.D.', 100, 1001, 20153, '0'),
('DUPS81121500', 20161, 'Ph.D.', 100, 1001, 20153, '0'),
('EDMJ67020600', 20161, 'Ph.D.', 100, 1001, 20153, '0'),
('ESTS86601700', 20161, 'M.Sc.', 100, 1001, 20153, '0'),
('ETIP80061700', 20161, 'Ph.D.', 100, 1001, 20153, '0'),
('EUGS88090600', 20161, 'M.Sc.', 100, 1001, 20153, '0'),
('FLEJ74120200', 20161, 'M.Sc.', 100, 1001, 20153, '0'),
('GERL73510300', 20161, 'M.Sc.', 100, 1001, 20153, '0'),
('GUEJ71121500', 20161, 'DESS', 100, 1001, 20153, '0'),
('JASP84121200', 20161, 'M.Sc.', 100, 1001, 20153, '0'),
('JEAM76571000', 20161, 'Ph.D.', 100, 1001, 20153, '0'),
('JOSS85012500', 20161, 'Ph.D.', 100, 1001, 20153, '0'),
('JOSG59123100', 20161, 'Ph.D.', 100, 1001, 20153, '0'),
('JOSW75100300', 20161, 'M.Sc.', 100, 1001, 20153, '0'),
('JOSF77610600', 20161, 'M.Sc.', 100, 1001, 20153, '0'),
('JOSJ75061800', 20161, 'M.Sc.', 100, 1001, 20153, '0'),
('LABL68032500', 20161, 'Ph.D.', 100, 1001, 20153, '0'),
('LUSH74521000', 20161, 'DESS', 100, 1001, 20153, '0'),
('LUXM78543000', 20161, 'Ph.D.', 100, 1001, 20153, '0'),
('MONM73070700', 20161, 'M.Sc.', 100, 1001, 20153, '0'),
('MONN71012800', 20161, 'M.Sc.', 100, 1001, 20153, '0'),
('NICG82090200', 20161, 'Ph.D.', 100, 1001, 20153, '0'),
('PIEM81092900', 20161, 'M.Sc.', 100, 1001, 20153, '0'),
('PIEA78042500', 20161, 'M.Sc.', 100, 1001, 20153, '0'),
('POMM87611800', 20161, 'M.Sc.', 100, 1001, 20153, '0'),
('POMO74582300', 20161, 'Ph.D.', 100, 1001, 20153, '0'),
('RAMM62612300', 20161, 'M.Sc.', 100, 1001, 20153, '0'),
('RIVF87011600', 20161, 'M.Sc.', 100, 1001, 20153, '0'),
('SUPE61601400', 20161, 'Ph.D.', 100, 1001, 20153, '0'),
('TANE87571800', 20161, 'M.Sc.', 100, 1001, 20153, '0'),
('THEE64122100', 20161, 'Ph.D.', 100, 1001, 20153, '0'),
('TIMJ66010300', 20161, 'Ph.D.', 100, 1001, 20153, '0'),
('TOUS87070900', 20161, 'DESS', 100, 1001, 20153, '0'),
('TOUA72012600', 20161, 'Ph.D.', 100, 1001, 20153, '0'),
('ULYD79010100', 20161, 'M.Sc.', 100, 1001, 20153, '0'),
('VALB65112000', 20161, 'Ph.D.', 100, 1001, 20153, '0'),
('VEVC62512100', 20161, 'M.Sc.', 100, 1001, 20153, '0'),
('DEFL55021700', 20161, 'M.Sc.', 100, 1001, 20153, '0'),
('FENJ60032000', 20161, 'Ph.D.', 100, 1001, 20153, '0'),
('AUGF87093000', 20161, 'M.Sc.', 100, 1004, 20153, '0'),
('BLAJ79020900', 20161, 'DESS', 100, 1004, 20153, '0'),
('ELVL88011100', 20161, 'M.Sc.', 100, 1004, 20153, '0'),
('JEAM89030900', 20161, 'M.Sc.', 100, 1004, 20153, '0'),
('JEAE85113000', 20161, 'M.Sc.', 100, 1004, 20153, '0'),
('PIEA54020100', 20161, 'M.Sc.', 100, 1004, 20153, '0'),
('PIEP71022800', 20161, 'DESS', 100, 1004, 20153, '0'),
('CADN83060500', 20161, 'DESS', 100, 1007, 20153, '0'),
('MONJ68121200', 20161, 'M.Sc.', 100, 1007, 20153, '0'),
('ALER78011500', 20161, 'Ph.D.', 100, 1002, 20153, '0'),
('CHAC88052700', 20161, 'M.Sc.', 100, 1002, 20153, '0'),
('DELF78122400', 20161, 'M.Sc.', 100, 1002, 20153, '0'),
('EUSR64080300', 20161, 'Ph.D.', 100, 1002, 20153, '0'),
('FLEV74102200', 20161, 'M.Sc.', 100, 1002, 20153, '0'),
('SAIA84551200', 20161, 'M.Sc.', 100, 1002, 20153, '0'),
('CELF66102400', 20161, 'M.Sc.', 100, 1001, 20153, '0'),
('PIEJ75111000', 20161, 'Ph.D.', 100, 1001, 20153, '0'),
('INNY85511100', 20161, 'M.Sc.', 100, 1001, 20153, '0'),
('REGJ52012500', 20161, 'Ph.D.', 100, 1002, 20153, '0'),
('CADR86070700', 20161, 'DESS', 100, 1002, 20153, '0'),
('EUGS56061500', 20161, 'DESS', 100, 1001, 20153, '1'),
('GERW79051300', 20161, 'DESS', 100, 1001, 20153, '0'),
('JEAM83551800', 20161, 'DESS', 100, 1003, 20153, '1'),
('LEFA72030400', 20161, 'DESS', 100, 1005, 20153, '1'),
('SAIP67060800', 20161, 'DESS', 100, 1002, 20153, '1'),
('BEND81571900', 20161, 'M.Sc.', 100, 1001, 20153, '0'),
('CHER79013100', 20161, 'M.Sc.', 100, 1003, 20153, '0'),
('FOMH76021400', 20161, 'M.Sc.', 100, 1003, 20153, '0'),
('FRAR65060900', 20161, 'M.Sc.', 100, 1001, 20153, '0'),
('GUEP72011600', 20161, 'M.Sc.', 100, 1004, 20153, '0'),
('GUES70580300', 20161, 'M.Sc.', 100, 1001, 20153, '0'),
('JOSJ74122300', 20161, 'M.Sc.', 100, 1003, 20153, '1'),
('JOSL69572900', 20161, 'M.Sc.', 100, 1002, 20153, '0'),
('JULI81041600', 20161, 'M.Sc.', 100, 1006, 20153, '0'),
('JULG75090200', 20161, 'M.Sc.', 100, 1004, 20153, '0'),
('JULW61010700', 20161, 'M.Sc.', 100, 1001, 20153, '0'),
('MAUO75112500', 20161, 'M.Sc.', 100, 1001, 20153, '0'),
('OGEF83511900', 20161, 'M.Sc.', 100, 1001, 20153, '0'),
('OLIT69110400', 20161, 'M.Sc.', 100, 1001, 20153, '0'),
('ORDS78111200', 20161, 'M.Sc.', 100, 1001, 20153, '0'),
('PIEP58541500', 20161, 'M.Sc.', 100, 1001, 20153, '0'),
('SAIG57113000', 20161, 'M.Sc.', 100, 1001, 20153, '1'),
('SALG76082100', 20161, 'M.Sc.', 100, 1001, 20153, '0'),
('ULYE85012200', 20161, 'M.Sc.', 100, 1005, 20153, '0'),
('ABRJ61081800', 20161, 'Ph.D.', 100, 1001, 20153, '0'),
('AUGJ74102600', 20161, 'Ph.D.', 100, 1001, 20153, '0'),
('CHAJ64090600', 20161, 'Ph.D.', 100, 1001, 20153, '0'),
('CLAJ70121200', 20161, 'Ph.D.', 100, 1001, 20153, '0'),
('DESO74021200', 20161, 'Ph.D.', 100, 1001, 20153, '0'),
('DESJ80041900', 20161, 'Ph.D.', 100, 1002, 20153, '0'),
('DESF70101200', 20161, 'Ph.D.', 100, 1001, 20153, '0'),
('DORO74071300', 20161, 'Ph.D.', 100, 1001, 20153, '0'),
('EXUF82101200', 20161, 'Ph.D.', 100, 1001, 20153, '0'),
('FRAR58102200', 20161, 'Ph.D.', 100, 1003, 20153, '0'),
('FRAE68120200', 20161, 'Ph.D.', 100, 1001, 20153, '0'),
('GERC58622200', 20161, 'Ph.D.', 100, 1001, 20153, '0'),
('JEAF59012200', 20161, 'Ph.D.', 100, 1001, 20153, '0'),
('JOAN62071600', 20161, 'Ph.D.', 100, 1001, 20153, '0'),
('JOSB82031500', 20161, 'Ph.D.', 100, 1004, 20153, '1'),
('LAGC74022800', 20161, 'Ph.D.', 100, 1001, 20153, '0'),
('LECL68042000', 20161, 'Ph.D.', 100, 1001, 20153, '0'),
('LEGE63123000', 20161, 'Ph.D.', 100, 1001, 20153, '0'),
('LINJ64031500', 20161, 'Ph.D.', 100, 1001, 20153, '0'),
('NARH64080800', 20161, 'Ph.D.', 100, 1001, 20153, '0'),
('NICA70112200', 20161, 'Ph.D.', 100, 1001, 20153, '0'),
('PIEC67020600', 20161, 'Ph.D.', 100, 1001, 20153, '0'),
('PIEE78092000', 20161, 'Ph.D.', 100, 1001, 20153, '0'),
('REGA65112000', 20161, 'Ph.D.', 100, 1003, 20153, '0'),
('REVM77010800', 20161, 'Ph.D.', 100, 1005, 20153, '0'),
('SAIG63012400', 20161, 'Ph.D.', 100, 1001, 20153, '0'),
('THEW72121600', 20161, 'Ph.D.', 100, 1001, 20153, '0');

-- --------------------------------------------------------



--
-- Dumping data for table `choixCours`
--

INSERT INTO `choix_cours` (`codePerm`, `codeSession`, `sigle`, `statut`, `idNote`, `codeProg`, `codeChampEtude`, `codeOrientation`) VALUES
('ALEV80601800', 20161, 'IST5010', 'O', 1, 'Ph.D.', 100, 1001),
('ALER78011500', 20161, 'IST5010', 'O', 1, 'Ph.D.', 100, 1002),
('ODEO83050300', 20161, 'IST5010', 'O', 1, 'Ph.D.', 100, 1003),
('SUPE61601400', 20161, 'IST5010', 'O', 1, 'Ph.D.', 100, 1001),
('JEAE85113000', 20161, 'IST5010', 'O', 2, 'M.Sc.', 100, 1004),
('PIEA54020100', 20161, 'IST5010', 'O', 2, 'M.Sc.', 100, 1004),
('DOMS83572400', 20161, 'IST5010', 'O', 2, 'DESS', 100, 1003),
('LUSH74521000', 20161, 'IST5010', 'O', 2, 'DESS', 100, 1001),
('LUXM78543000', 20161, 'IST5010', 'O', 2, 'Ph.D.', 100, 1001),
('EUGS88090600', 20161, 'IST5010', 'O', 2, 'M.Sc.', 100, 1001),
('DANJ77052900', 20161, 'IST5010', 'O', 2, 'Ph.D.', 100, 1001),
('RAMM62612300', 20161, 'IST5010', 'O', 2, 'M.Sc.', 100, 1001),
('JOSF77610600', 20161, 'IST5010', 'O', 2, 'M.Sc.', 100, 1001),
('PAUW83011700', 20161, 'IST5010', 'O', 2, 'M.Sc.', 100, 1001),
('ULYD79010100', 20161, 'IST5010', 'O', 2, 'M.Sc.', 100, 1001),
('EUSR64080300', 20161, 'IST5010', 'O', 2, 'Ph.D.', 100, 1002),
('GERL73510300', 20161, 'IST5010', 'O', 2, 'M.Sc.', 100, 1001),
('PIEM81092900', 20161, 'IST5010', 'O', 2, 'M.Sc.', 100, 1001),
('VEVC62512100', 20161, 'IST5010', 'O', 2, 'M.Sc.', 100, 1001),
('BAYB64571500', 20161, 'IST5010', 'O', 2, 'Ph.D.', 100, 1001),
('CODD66021500', 20161, 'IST5010', 'O', 2, 'M.Sc.', 100, 1001),
('PIEA78042500', 20161, 'IST5010', 'O', 2, 'M.Sc.', 100, 1001),
('SAIM66092800', 20161, 'IST5010', 'O', 2, 'M.Sc.', 300, 1002),
('CAPO69081800', 20161, 'IST5010', 'O', 2, 'Ph.D.', 100, 1001),
('FLEJ74120200', 20161, 'IST5010', 'O', 2, 'M.Sc.', 100, 1001),
('JASP84121200', 20161, 'IST5010', 'O', 2, 'M.Sc.', 100, 1001),
('JOSW75100300', 20161, 'IST5010', 'O', 2, 'M.Sc.', 100, 1001),
('DEFL55021700', 20161, 'IST5010', 'O', 3, 'M.Sc.', 100, 1001),
('ESTS86601700', 20161, 'IST5010', 'O', 3, 'M.Sc.', 100, 1001),
('GUEJ71121500', 20161, 'IST5010', 'O', 3, 'DESS', 100, 1001),
('PAUM69570700', 20161, 'IST5010', 'O', 3, 'M.Sc.', 100, 1001),
('BERW63102300', 20161, 'IST5010', 'O', 3, 'M.Sc.', 100, 1001),
('INNY85511100', 20161, 'IST5010', 'O', 3, 'M.Sc.', 100, 1001),
('JEAM76571000', 20161, 'IST5010', 'O', 3, 'Ph.D.', 100, 1001),
('POMO74582300', 20161, 'IST5010', 'O', 3, 'Ph.D.', 100, 1001),
('FENJ60032000', 20161, 'IST5010', 'O', 3, 'Ph.D.', 100, 1001),
('MONN71012800', 20161, 'IST5010', 'O', 3, 'M.Sc.', 100, 1001),
('PIEP71022800', 20161, 'IST5010', 'O', 3, 'DESS', 100, 1004),
('REGJ52012500', 20161, 'IST5010', 'O', 3, 'Ph.D.', 100, 1002),
('TANE87571800', 20161, 'IST5010', 'O', 3, 'M.Sc.', 100, 1001),
('EDMJ67020600', 20161, 'IST5010', 'O', 3, 'Ph.D.', 100, 1001),
('MONM73070700', 20161, 'IST5010', 'O', 3, 'M.Sc.', 100, 1001),
('TIMJ66010300', 20161, 'IST5010', 'O', 3, 'Ph.D.', 100, 1001),
('SAIA84551200', 20161, 'IST5010', 'O', 3, 'M.Sc.', 100, 1002),
('AUGW79572500', 20161, 'IST5010', 'O', 3, 'M.Sc.', 100, 1001),
('AUGF87093000', 20161, 'IST5010', 'O', 3, 'M.Sc.', 100, 1004),
('BLAJ79020900', 20161, 'IST5010', 'O', 3, 'DESS', 100, 1004),
('CADN83060500', 20161, 'IST5010', 'O', 3, 'DESS', 100, 1007),
('ELVL88011100', 20161, 'IST5010', 'O', 3, 'M.Sc.', 100, 1004),
('JEAM89030900', 20161, 'IST5010', 'O', 3, 'M.Sc.', 100, 1004),
('THEE64122100', 20161, 'IST5010', 'O', 4, 'Ph.D.', 100, 1001),
('JOSJ75061800', 20161, 'IST5010', 'O', 4, 'M.Sc.', 100, 1001),
('LABL68032500', 20161, 'IST5010', 'O', 4, 'Ph.D.', 100, 1001),
('DORP62050700', 20161, 'IST5010', 'O', 4, 'M.Sc.', 100, 1001),
('CHAC88052700', 20161, 'IST5010', 'O', 4, 'M.Sc.', 100, 1002),
('MONJ68121200', 20161, 'IST5010', 'O', 4, 'M.Sc.', 100, 1007),
('NICG82090200', 20161, 'IST5010', 'O', 4, 'Ph.D.', 100, 1001),
('PLAJ77011500', 20161, 'IST5010', 'O', 4, 'Ph.D.', 100, 1003),
('DUMP69043000', 20161, 'IST5010', 'O', 5, 'Ph.D.', 100, 1001),
('JOSS85012500', 20161, 'IST5010', 'O', 5, 'Ph.D.', 100, 1001),
('MARM77022500', 20161, 'IST5010', 'O', 5, 'M.Sc.', 100, 1005),
('CHEJ52102200', 20161, 'IST5010', 'O', 5, 'M.Sc.', 100, 1003),
('PIEM80012000', 20161, 'IST5010', 'O', 5, 'M.Sc.', 100, 1003),
('CLAJ79050200', 20161, 'IST5010', 'O', 5, 'Ph.D.', 100, 1001),
('DUPS81121500', 20161, 'IST5010', 'O', 5, 'Ph.D.', 100, 1001),
('VALB65112000', 20161, 'IST5010', 'O', 5, 'Ph.D.', 100, 1001),
('CALR86030200', 20161, 'IST5010', 'O', 6, 'M.Sc.', 100, 1001),
('RIVF87011600', 20161, 'IST5010', 'O', 6, 'M.Sc.', 100, 1001),
('TOUS87070900', 20161, 'IST5010', 'O', 6, 'DESS', 100, 1001),
('ETIP80061700', 20161, 'IST5010', 'O', 6, 'Ph.D.', 100, 1001),
('JOSG59123100', 20161, 'IST5010', 'O', 6, 'Ph.D.', 100, 1001),
('DELF78122400', 20161, 'IST5010', 'O', 7, 'M.Sc.', 100, 1002),
('FLEV74102200', 20161, 'IST5010', 'O', 7, 'M.Sc.', 100, 1002),
('POMM87611800', 20161, 'IST5010', 'O', 7, 'M.Sc.', 100, 1001),
('DORP61100600', 20161, 'IST5010', 'O', 9, 'Ph.D.', 100, 1001),
('PIEJ75111000', 20161, 'IST5010', 'O', 9, 'Ph.D.', 100, 1001),
('TOUA72012600', 20161, 'IST5010', 'O', 9, 'Ph.D.', 100, 1001),
('AGEJ58122500', 20161, 'IST5010', 'O', 9, 'Ph.D.', 100, 1001),
('FRAR58102200', 20161, 'IST5040', 'O', 2, 'Ph.D.', 100, 1003),
('ALER78011500', 20161, 'IST5040', 'O', 2, 'Ph.D.', 100, 1002),
('CHEJ52102200', 20161, 'IST5040', 'O', 2, 'M.Sc.', 100, 1003),
('ODEO83050300', 20161, 'IST5040', 'O', 2, 'Ph.D.', 100, 1003),
('MONJ68121200', 20161, 'IST5040', 'O', 2, 'M.Sc.', 100, 1007),
('EUSR64080300', 20161, 'IST5040', 'O', 2, 'Ph.D.', 100, 1002),
('CHAC88052700', 20161, 'IST5040', 'O', 2, 'M.Sc.', 100, 1002),
('FLEV74102200', 20161, 'IST5040', 'O', 2, 'M.Sc.', 100, 1002),
('JEAE85113000', 20161, 'IST5040', 'O', 3, 'M.Sc.', 100, 1004),
('DOMS83572400', 20161, 'IST5040', 'O', 3, 'DESS', 100, 1003),
('PLAJ77011500', 20161, 'IST5040', 'O', 3, 'Ph.D.', 100, 1003),
('PIEA54020100', 20161, 'IST5040', 'O', 3, 'M.Sc.', 100, 1004),
('BLAJ79020900', 20161, 'IST5040', 'O', 3, 'DESS', 100, 1004),
('ELVL88011100', 20161, 'IST5040', 'O', 3, 'M.Sc.', 100, 1004),
('JEAM89030900', 20161, 'IST5040', 'O', 3, 'M.Sc.', 100, 1004),
('SAIM66092800', 20161, 'IST5040', 'O', 3, 'M.Sc.', 300, 1002),
('PIEP71022800', 20161, 'IST5040', 'O', 4, 'DESS', 100, 1004),
('SAIA84551200', 20161, 'IST5040', 'O', 4, 'M.Sc.', 100, 1002),
('DELF78122400', 20161, 'IST5040', 'O', 4, 'M.Sc.', 100, 1002),
('REGJ52012500', 20161, 'IST5040', 'O', 4, 'Ph.D.', 100, 1002),
('AUGF87093000', 20161, 'IST5040', 'O', 5, 'M.Sc.', 100, 1004),
('MARM77022500', 20161, 'IST5040', 'O', 5, 'M.Sc.', 100, 1005),
('PIEM80012000', 20161, 'IST5040', 'O', 9, 'M.Sc.', 100, 1003),
('CADN83060500', 20161, 'IST5040', 'O', 9, 'DESS', 100, 1007),
('TIMJ66010300', 20161, 'IST5050', 'O', 2, 'Ph.D.', 100, 1001),
('DOMS83572400', 20161, 'IST5050', 'O', 3, 'DESS', 100, 1003),
('PIEA54020100', 20161, 'IST5050', 'O', 3, 'M.Sc.', 100, 1004),
('MONJ68121200', 20161, 'IST5050', 'O', 3, 'M.Sc.', 100, 1007),
('PIEM81092900', 20161, 'IST5050', 'O', 3, 'M.Sc.', 100, 1001),
('EDMJ67020600', 20161, 'IST5050', 'O', 3, 'Ph.D.', 100, 1001),
('VEVC62512100', 20161, 'IST5050', 'O', 3, 'M.Sc.', 100, 1001),
('JEAM76571000', 20161, 'IST5050', 'O', 3, 'Ph.D.', 100, 1001),
('EUGS88090600', 20161, 'IST5050', 'O', 3, 'M.Sc.', 100, 1001),
('RAMM62612300', 20161, 'IST5050', 'O', 3, 'M.Sc.', 100, 1001),
('EUSR64080300', 20161, 'IST5050', 'O', 3, 'Ph.D.', 100, 1002),
('DANJ77052900', 20161, 'IST5050', 'O', 3, 'Ph.D.', 100, 1001),
('DESF70101200', 20161, 'IST5050', 'O', 3, 'Ph.D.', 100, 1001),
('NICG82090200', 20161, 'IST5050', 'O', 4, 'Ph.D.', 100, 1001),
('DELF78122400', 20161, 'IST5050', 'O', 4, 'M.Sc.', 100, 1002),
('CODD66021500', 20161, 'IST5050', 'O', 4, 'M.Sc.', 100, 1001),
('CHAC88052700', 20161, 'IST5050', 'O', 4, 'M.Sc.', 100, 1002),
('DORP62050700', 20161, 'IST5050', 'O', 4, 'M.Sc.', 100, 1001),
('JEAE85113000', 20161, 'IST5050', 'O', 4, 'M.Sc.', 100, 1004),
('LAGC74022800', 20161, 'IST5050', 'O', 4, 'Ph.D.', 100, 1001),
('RIVF87011600', 20161, 'IST5050', 'O', 4, 'M.Sc.', 100, 1001),
('POMM87611800', 20161, 'IST5050', 'O', 4, 'M.Sc.', 100, 1001),
('BERW63102300', 20161, 'IST5050', 'O', 4, 'M.Sc.', 100, 1001),
('PLAJ77011500', 20161, 'IST5050', 'O', 4, 'Ph.D.', 100, 1003),
('ULYD79010100', 20161, 'IST5050', 'O', 4, 'M.Sc.', 100, 1001),
('DUMP69043000', 20161, 'IST5050', 'O', 4, 'Ph.D.', 100, 1001),
('GUEJ71121500', 20161, 'IST5050', 'O', 4, 'DESS', 100, 1001),
('LABL68032500', 20161, 'IST5050', 'O', 4, 'Ph.D.', 100, 1001),
('FENJ60032000', 20161, 'IST5050', 'O', 4, 'Ph.D.', 100, 1001),
('JOSJ75061800', 20161, 'IST5050', 'O', 4, 'M.Sc.', 100, 1001),
('CLAJ79050200', 20161, 'IST5050', 'O', 5, 'Ph.D.', 100, 1001),
('ESTS86601700', 20161, 'IST5050', 'O', 5, 'M.Sc.', 100, 1001),
('ODEO83050300', 20161, 'IST5050', 'O', 5, 'Ph.D.', 100, 1003),
('DEFL55021700', 20161, 'IST5050', 'O', 5, 'M.Sc.', 100, 1001),
('AUGW79572500', 20161, 'IST5050', 'O', 5, 'M.Sc.', 100, 1001),
('VALB65112000', 20161, 'IST5050', 'O', 5, 'Ph.D.', 100, 1001),
('ALEV80601800', 20161, 'IST5050', 'O', 5, 'Ph.D.', 100, 1001),
('FLEV74102200', 20161, 'IST5050', 'O', 5, 'M.Sc.', 100, 1002),
('ETIP80061700', 20161, 'IST5050', 'O', 5, 'Ph.D.', 100, 1001),
('ALER78011500', 20161, 'IST5050', 'O', 5, 'Ph.D.', 100, 1002),
('CHEJ52102200', 20161, 'IST5050', 'O', 5, 'M.Sc.', 100, 1003),
('TOUA72012600', 20161, 'IST5050', 'O', 5, 'Ph.D.', 100, 1001),
('BAYB64571500', 20161, 'IST5050', 'O', 5, 'Ph.D.', 100, 1001),
('SAIM66092800', 20161, 'IST5050', 'O', 5, 'M.Sc.', 300, 1002),
('JOSS85012500', 20161, 'IST5050', 'O', 5, 'Ph.D.', 100, 1001),
('PAUW83011700', 20161, 'IST5050', 'O', 5, 'M.Sc.', 100, 1001),
('CALR86030200', 20161, 'IST5050', 'O', 6, 'M.Sc.', 100, 1001),
('AGEJ58122500', 20161, 'IST5050', 'O', 6, 'Ph.D.', 100, 1001),
('MARM77022500', 20161, 'IST5050', 'O', 6, 'M.Sc.', 100, 1005),
('ELVL88011100', 20161, 'IST5050', 'O', 6, 'M.Sc.', 100, 1004),
('PIEJ75111000', 20161, 'IST5050', 'O', 6, 'Ph.D.', 100, 1001),
('CADN83060500', 20161, 'IST5050', 'O', 6, 'DESS', 100, 1007),
('POMO74582300', 20161, 'IST5050', 'O', 6, 'Ph.D.', 100, 1001),
('DORP61100600', 20161, 'IST5050', 'O', 6, 'Ph.D.', 100, 1001),
('MONN71012800', 20161, 'IST5050', 'O', 6, 'M.Sc.', 100, 1001),
('SUPE61601400', 20161, 'IST5050', 'O', 6, 'Ph.D.', 100, 1001),
('PIEA78042500', 20161, 'IST5050', 'O', 6, 'M.Sc.', 100, 1001),
('JEAM89030900', 20161, 'IST5050', 'O', 6, 'M.Sc.', 100, 1004),
('PIEM80012000', 20161, 'IST5050', 'O', 6, 'M.Sc.', 100, 1003),
('BLAJ79020900', 20161, 'IST5050', 'O', 6, 'DESS', 100, 1004),
('AUGF87093000', 20161, 'IST5050', 'O', 6, 'M.Sc.', 100, 1004),
('PAUM69570700', 20161, 'IST5050', 'O', 7, 'M.Sc.', 100, 1001),
('LUXM78543000', 20161, 'IST5050', 'O', 7, 'Ph.D.', 100, 1001),
('REGJ52012500', 20161, 'IST5050', 'O', 7, 'Ph.D.', 100, 1002),
('TANE87571800', 20161, 'IST5050', 'O', 7, 'M.Sc.', 100, 1001),
('JASP84121200', 20161, 'IST5050', 'O', 7, 'M.Sc.', 100, 1001),
('JOSF77610600', 20161, 'IST5050', 'O', 7, 'M.Sc.', 100, 1001),
('FLEJ74120200', 20161, 'IST5050', 'O', 7, 'M.Sc.', 100, 1001),
('TOUS87070900', 20161, 'IST5050', 'O', 8, 'DESS', 100, 1001),
('PIEP71022800', 20161, 'IST5050', 'O', 8, 'DESS', 100, 1004),
('JOSW75100300', 20161, 'IST5050', 'O', 8, 'M.Sc.', 100, 1001),
('DUPS81121500', 20161, 'IST5050', 'O', 8, 'Ph.D.', 100, 1001),
('CAPO69081800', 20161, 'IST5050', 'O', 8, 'Ph.D.', 100, 1001),
('INNY85511100', 20161, 'IST5050', 'O', 9, 'M.Sc.', 100, 1001),
('GERL73510300', 20161, 'IST5050', 'O', 9, 'M.Sc.', 100, 1001),
('THEE64122100', 20161, 'IST5050', 'O', 9, 'Ph.D.', 100, 1001),
('LUSH74521000', 20161, 'IST5050', 'O', 9, 'DESS', 100, 1001),
('SAIA84551200', 20161, 'IST5050', 'O', 9, 'M.Sc.', 100, 1002),
('MONM73070700', 20161, 'IST5050', 'O', 9, 'M.Sc.', 100, 1001),
('JOSG59123100', 20161, 'IST5050', 'O', 9, 'Ph.D.', 100, 1001),
('MONM73070700', 20161, 'IST6011', 'C', 1, 'M.Sc.', 100, 1001),
('GERL73510300', 20161, 'IST6011', 'C', 1, 'M.Sc.', 100, 1001),
('CHAC88052700', 20161, 'IST6011', 'C', 1, 'M.Sc.', 100, 1002),
('DELF78122400', 20161, 'IST6011', 'C', 1, 'M.Sc.', 100, 1002),
('EUGS88090600', 20161, 'IST6011', 'C', 1, 'M.Sc.', 100, 1001),
('FLEV74102200', 20161, 'IST6011', 'C', 1, 'M.Sc.', 100, 1002),
('TIMJ66010300', 20161, 'IST6011', 'C', 1, 'Ph.D.', 100, 1001),
('VEVC62512100', 20161, 'IST6011', 'C', 1, 'M.Sc.', 100, 1001),
('PIEM81092900', 20161, 'IST6011', 'C', 1, 'M.Sc.', 100, 1001),
('AUGW79572500', 20161, 'IST6011', 'C', 1, 'M.Sc.', 100, 1001),
('JEAM76571000', 20161, 'IST6011', 'C', 1, 'Ph.D.', 100, 1001),
('PIEE78092000', 20161, 'IST6011', 'C', 1, 'Ph.D.', 100, 1001),
('MONJ68121200', 20161, 'IST6011', 'C', 1, 'M.Sc.', 100, 1007),
('JEAE85113000', 20161, 'IST6011', 'C', 2, 'M.Sc.', 100, 1004),
('CLAJ70121200', 20161, 'IST6011', 'C', 2, 'Ph.D.', 100, 1001),
('BERW63102300', 20161, 'IST6011', 'C', 2, 'M.Sc.', 100, 1001),
('EUSR64080300', 20161, 'IST6011', 'C', 2, 'Ph.D.', 100, 1002),
('LUSH74521000', 20161, 'IST6011', 'C', 2, 'DESS', 100, 1001),
('PAUW83011700', 20161, 'IST6011', 'C', 2, 'M.Sc.', 100, 1001),
('DUMP69043000', 20161, 'IST6011', 'C', 2, 'Ph.D.', 100, 1001),
('JASP84121200', 20161, 'IST6011', 'C', 2, 'M.Sc.', 100, 1001),
('VALB65112000', 20161, 'IST6011', 'C', 2, 'Ph.D.', 100, 1001),
('DOMS83572400', 20161, 'IST6011', 'C', 2, 'DESS', 100, 1003),
('ODEO83050300', 20161, 'IST6011', 'C', 2, 'Ph.D.', 100, 1003),
('PIEA54020100', 20161, 'IST6011', 'C', 2, 'M.Sc.', 100, 1004),
('POMO74582300', 20161, 'IST6011', 'C', 2, 'Ph.D.', 100, 1001),
('FENJ60032000', 20161, 'IST6011', 'C', 2, 'Ph.D.', 100, 1001),
('JOSF77610600', 20161, 'IST6011', 'C', 2, 'M.Sc.', 100, 1001),
('NICG82090200', 20161, 'IST6011', 'C', 2, 'Ph.D.', 100, 1001),
('CHEJ52102200', 20161, 'IST6011', 'C', 3, 'M.Sc.', 100, 1003),
('ESTS86601700', 20161, 'IST6011', 'C', 3, 'M.Sc.', 100, 1001),
('JOSJ75061800', 20161, 'IST6011', 'C', 3, 'M.Sc.', 100, 1001),
('GUEJ71121500', 20161, 'IST6011', 'C', 3, 'DESS', 100, 1001),
('RIVF87011600', 20161, 'IST6011', 'C', 3, 'M.Sc.', 100, 1001),
('PIEA78042500', 20161, 'IST6011', 'C', 3, 'M.Sc.', 100, 1001),
('ALER78011500', 20161, 'IST6011', 'C', 4, 'Ph.D.', 100, 1002),
('JEAM89030900', 20161, 'IST6011', 'C', 4, 'M.Sc.', 100, 1004),
('ELVL88011100', 20161, 'IST6011', 'C', 4, 'M.Sc.', 100, 1004),
('JOSW75100300', 20161, 'IST6011', 'C', 4, 'M.Sc.', 100, 1001),
('ULYD79010100', 20161, 'IST6011', 'C', 4, 'M.Sc.', 100, 1001),
('PIEP71022800', 20161, 'IST6011', 'C', 4, 'DESS', 100, 1004),
('CALR86030200', 20161, 'IST6011', 'C', 4, 'M.Sc.', 100, 1001),
('LABL68032500', 20161, 'IST6011', 'C', 4, 'Ph.D.', 100, 1001),
('MONN71012800', 20161, 'IST6011', 'C', 4, 'M.Sc.', 100, 1001),
('AUGF87093000', 20161, 'IST6011', 'C', 4, 'M.Sc.', 100, 1004),
('DEFL55021700', 20161, 'IST6011', 'C', 4, 'M.Sc.', 100, 1001),
('TANE87571800', 20161, 'IST6011', 'C', 4, 'M.Sc.', 100, 1001),
('MARM77022500', 20161, 'IST6011', 'C', 4, 'M.Sc.', 100, 1005),
('POMM87611800', 20161, 'IST6011', 'C', 4, 'M.Sc.', 100, 1001),
('BAYB64571500', 20161, 'IST6011', 'C', 4, 'Ph.D.', 100, 1001),
('ALEV80601800', 20161, 'IST6011', 'C', 5, 'Ph.D.', 100, 1001),
('DUPS81121500', 20161, 'IST6011', 'C', 5, 'Ph.D.', 100, 1001),
('CLAJ79050200', 20161, 'IST6011', 'C', 5, 'Ph.D.', 100, 1001),
('SAIM66092800', 20161, 'IST6011', 'C', 5, 'M.Sc.', 300, 1002),
('THEE64122100', 20161, 'IST6011', 'C', 5, 'Ph.D.', 100, 1001),
('FLEJ74120200', 20161, 'IST6011', 'C', 5, 'M.Sc.', 100, 1001),
('INNY85511100', 20161, 'IST6011', 'C', 5, 'M.Sc.', 100, 1001),
('LUXM78543000', 20161, 'IST6011', 'C', 5, 'Ph.D.', 100, 1001),
('REGJ52012500', 20161, 'IST6011', 'C', 5, 'Ph.D.', 100, 1002),
('BLAJ79020900', 20161, 'IST6011', 'C', 5, 'DESS', 100, 1004),
('CODD66021500', 20161, 'IST6011', 'C', 5, 'M.Sc.', 100, 1001),
('PAUM69570700', 20161, 'IST6011', 'C', 5, 'M.Sc.', 100, 1001),
('CAPO69081800', 20161, 'IST6011', 'C', 5, 'Ph.D.', 100, 1001),
('CADN83060500', 20161, 'IST6011', 'C', 6, 'DESS', 100, 1007),
('PIEJ75111000', 20161, 'IST6011', 'C', 6, 'Ph.D.', 100, 1001),
('TOUS87070900', 20161, 'IST6011', 'C', 6, 'DESS', 100, 1001),
('PIEM80012000', 20161, 'IST6011', 'C', 6, 'M.Sc.', 100, 1003),
('EDMJ67020600', 20161, 'IST6011', 'C', 6, 'Ph.D.', 100, 1001),
('DORP61100600', 20161, 'IST6011', 'C', 7, 'Ph.D.', 100, 1001),
('RAMM62612300', 20161, 'IST6011', 'C', 7, 'M.Sc.', 100, 1001),
('DANJ77052900', 20161, 'IST6011', 'C', 7, 'Ph.D.', 100, 1001),
('AGEJ58122500', 20161, 'IST6011', 'C', 8, 'Ph.D.', 100, 1001),
('DORP62050700', 20161, 'IST6011', 'C', 9, 'M.Sc.', 100, 1001),
('SAIA84551200', 20161, 'IST6011', 'C', 9, 'M.Sc.', 100, 1002),
('TOUA72012600', 20161, 'IST6011', 'C', 9, 'Ph.D.', 100, 1001),
('SUPE61601400', 20161, 'IST6011', 'C', 9, 'Ph.D.', 100, 1001),
('JOSS85012500', 20161, 'IST6011', 'C', 9, 'Ph.D.', 100, 1001),
('PLAJ77011500', 20161, 'IST6045', 'C', 1, 'Ph.D.', 100, 1003),
('AUGW79572500', 20161, 'IST6045', 'C', 1, 'M.Sc.', 100, 1001),
('GUEJ71121500', 20161, 'IST6045', 'C', 1, 'DESS', 100, 1001),
('THEE64122100', 20161, 'IST6045', 'C', 1, 'Ph.D.', 100, 1001),
('JOSJ75061800', 20161, 'IST6045', 'C', 1, 'M.Sc.', 100, 1001),
('LABL68032500', 20161, 'IST6045', 'C', 1, 'Ph.D.', 100, 1001),
('ESTS86601700', 20161, 'IST6045', 'C', 1, 'M.Sc.', 100, 1001),
('TIMJ66010300', 20161, 'IST6045', 'C', 1, 'Ph.D.', 100, 1001),
('GERL73510300', 20161, 'IST6045', 'C', 1, 'M.Sc.', 100, 1001),
('EDMJ67020600', 20161, 'IST6045', 'C', 1, 'Ph.D.', 100, 1001),
('JASP84121200', 20161, 'IST6045', 'C', 1, 'M.Sc.', 100, 1001),
('DANJ77052900', 20161, 'IST6045', 'C', 1, 'Ph.D.', 100, 1001),
('RAMM62612300', 20161, 'IST6045', 'C', 1, 'M.Sc.', 100, 1001),
('CHEJ52102200', 20161, 'IST6045', 'C', 1, 'M.Sc.', 100, 1003),
('MONM73070700', 20161, 'IST6045', 'C', 1, 'M.Sc.', 100, 1001),
('PIEM81092900', 20161, 'IST6045', 'C', 1, 'M.Sc.', 100, 1001),
('PIEM80012000', 20161, 'IST6045', 'C', 1, 'M.Sc.', 100, 1003),
('POMM87611800', 20161, 'IST6045', 'C', 2, 'M.Sc.', 100, 1001),
('DEFL55021700', 20161, 'IST6045', 'C', 2, 'M.Sc.', 100, 1001),
('NICG82090200', 20161, 'IST6045', 'C', 2, 'Ph.D.', 100, 1001),
('CODD66021500', 20161, 'IST6045', 'C', 2, 'M.Sc.', 100, 1001),
('PAUM69570700', 20161, 'IST6045', 'C', 2, 'M.Sc.', 100, 1001),
('PIEA78042500', 20161, 'IST6045', 'C', 2, 'M.Sc.', 100, 1001),
('VEVC62512100', 20161, 'IST6045', 'C', 2, 'M.Sc.', 100, 1001),
('BAYB64571500', 20161, 'IST6045', 'C', 2, 'Ph.D.', 100, 1001),
('JOSW75100300', 20161, 'IST6045', 'C', 2, 'M.Sc.', 100, 1001),
('DORP62050700', 20161, 'IST6045', 'C', 3, 'M.Sc.', 100, 1001),
('MONN71012800', 20161, 'IST6045', 'C', 4, 'M.Sc.', 100, 1001),
('JEAM76571000', 20161, 'IST6045', 'C', 4, 'Ph.D.', 100, 1001),
('TANE87571800', 20161, 'IST6045', 'C', 4, 'M.Sc.', 100, 1001),
('POMO74582300', 20161, 'IST6045', 'C', 4, 'Ph.D.', 100, 1001),
('FLEJ74120200', 20161, 'IST6045', 'C', 4, 'M.Sc.', 100, 1001),
('NARH64080800', 20161, 'IST6045', 'C', 4, 'Ph.D.', 100, 1001),
('CAPO69081800', 20161, 'IST6045', 'C', 4, 'Ph.D.', 100, 1001),
('AGEJ58122500', 20161, 'IST6045', 'C', 5, 'Ph.D.', 100, 1001),
('FENJ60032000', 20161, 'IST6045', 'C', 6, 'Ph.D.', 100, 1001),
('INNY85511100', 20161, 'IST6045', 'C', 6, 'M.Sc.', 100, 1001),
('CLAJ79050200', 20161, 'IST6045', 'C', 6, 'Ph.D.', 100, 1001),
('DUMP69043000', 20161, 'IST6045', 'C', 6, 'Ph.D.', 100, 1001),
('ODEO83050300', 20161, 'IST6045', 'C', 6, 'Ph.D.', 100, 1003),
('PAUW83011700', 20161, 'IST6045', 'C', 6, 'M.Sc.', 100, 1001),
('ULYD79010100', 20161, 'IST6045', 'C', 6, 'M.Sc.', 100, 1001),
('DOMS83572400', 20161, 'IST6045', 'C', 6, 'DESS', 100, 1003),
('DUPS81121500', 20161, 'IST6045', 'C', 6, 'Ph.D.', 100, 1001),
('JOSS85012500', 20161, 'IST6045', 'C', 7, 'Ph.D.', 100, 1001),
('ALEV80601800', 20161, 'IST6045', 'C', 7, 'Ph.D.', 100, 1001),
('BERW63102300', 20161, 'IST6045', 'C', 7, 'M.Sc.', 100, 1001),
('EUGS88090600', 20161, 'IST6045', 'C', 7, 'M.Sc.', 100, 1001),
('LUXM78543000', 20161, 'IST6045', 'C', 7, 'Ph.D.', 100, 1001),
('TOUS87070900', 20161, 'IST6045', 'C', 7, 'DESS', 100, 1001),
('VALB65112000', 20161, 'IST6045', 'C', 7, 'Ph.D.', 100, 1001),
('RIVF87011600', 20161, 'IST6045', 'C', 7, 'M.Sc.', 100, 1001),
('LUSH74521000', 20161, 'IST6045', 'C', 8, 'DESS', 100, 1001),
('JOSF77610600', 20161, 'IST6045', 'C', 8, 'M.Sc.', 100, 1001),
('CALR86030200', 20161, 'IST6045', 'C', 8, 'M.Sc.', 100, 1001),
('SUPE61601400', 20161, 'IST6045', 'C', 10, 'Ph.D.', 100, 1001),
('PIEA78042500', 20161, 'IST5040', 'O', 2, 'M.Sc.', 100, 1001),
('TIMJ66010300', 20161, 'IST5040', 'O', 2, 'Ph.D.', 100, 1001),
('ALEV80601800', 20161, 'IST5040', 'O', 2, 'Ph.D.', 100, 1001),
('BAYB64571500', 20161, 'IST5040', 'O', 2, 'Ph.D.', 100, 1001),
('LAGC74022800', 20161, 'IST5040', 'O', 2, 'Ph.D.', 100, 1001),
('EXUF82101200', 20161, 'IST5040', 'O', 2, 'Ph.D.', 100, 1001),
('CALR86030200', 20161, 'IST5040', 'O', 2, 'M.Sc.', 100, 1001),
('NICG82090200', 20161, 'IST5040', 'O', 2, 'Ph.D.', 100, 1001),
('THEE64122100', 20161, 'IST5040', 'O', 2, 'Ph.D.', 100, 1001),
('JOSJ75061800', 20161, 'IST5040', 'O', 2, 'M.Sc.', 100, 1001),
('VEVC62512100', 20161, 'IST5040', 'O', 2, 'M.Sc.', 100, 1001),
('FLEJ74120200', 20161, 'IST5040', 'O', 2, 'M.Sc.', 100, 1001),
('RIVF87011600', 20161, 'IST5040', 'O', 2, 'M.Sc.', 100, 1001),
('CLAJ79050200', 20161, 'IST5040', 'O', 3, 'Ph.D.', 100, 1001),
('DUPS81121500', 20161, 'IST5040', 'O', 3, 'Ph.D.', 100, 1001),
('PIEM81092900', 20161, 'IST5040', 'O', 3, 'M.Sc.', 100, 1001),
('DORP62050700', 20161, 'IST5040', 'O', 3, 'M.Sc.', 100, 1001),
('LABL68032500', 20161, 'IST5040', 'O', 3, 'Ph.D.', 100, 1001),
('LUSH74521000', 20161, 'IST5040', 'O', 3, 'DESS', 100, 1001),
('LUXM78543000', 20161, 'IST5040', 'O', 3, 'Ph.D.', 100, 1001),
('RAMM62612300', 20161, 'IST5040', 'O', 3, 'M.Sc.', 100, 1001),
('DANJ77052900', 20161, 'IST5040', 'O', 3, 'Ph.D.', 100, 1001),
('POMM87611800', 20161, 'IST5040', 'O', 3, 'M.Sc.', 100, 1001),
('EUGS88090600', 20161, 'IST5040', 'O', 3, 'M.Sc.', 100, 1001),
('CAPO69081800', 20161, 'IST5040', 'O', 3, 'Ph.D.', 100, 1001),
('CODD66021500', 20161, 'IST5040', 'O', 3, 'M.Sc.', 100, 1001),
('JEAM76571000', 20161, 'IST5040', 'O', 3, 'Ph.D.', 100, 1001),
('PAUW83011700', 20161, 'IST5040', 'O', 3, 'M.Sc.', 100, 1001),
('PAUM69570700', 20161, 'IST5040', 'O', 3, 'M.Sc.', 100, 1001),
('POMO74582300', 20161, 'IST5040', 'O', 3, 'Ph.D.', 100, 1001),
('TOUS87070900', 20161, 'IST5040', 'O', 3, 'DESS', 100, 1001),
('DEFL55021700', 20161, 'IST5040', 'O', 3, 'M.Sc.', 100, 1001),
('MONM73070700', 20161, 'IST5040', 'O', 3, 'M.Sc.', 100, 1001),
('ULYD79010100', 20161, 'IST5040', 'O', 3, 'M.Sc.', 100, 1001),
('VALB65112000', 20161, 'IST5040', 'O', 3, 'Ph.D.', 100, 1001),
('GERL73510300', 20161, 'IST5040', 'O', 3, 'M.Sc.', 100, 1001),
('EDMJ67020600', 20161, 'IST5040', 'O', 3, 'Ph.D.', 100, 1001),
('AUGW79572500', 20161, 'IST5040', 'O', 3, 'M.Sc.', 100, 1001),
('GUEJ71121500', 20161, 'IST5040', 'O', 3, 'DESS', 100, 1001),
('BERW63102300', 20161, 'IST5040', 'O', 3, 'M.Sc.', 100, 1001),
('MONN71012800', 20161, 'IST5040', 'O', 3, 'M.Sc.', 100, 1001),
('ESTS86601700', 20161, 'IST5040', 'O', 4, 'M.Sc.', 100, 1001),
('JASP84121200', 20161, 'IST5040', 'O', 4, 'M.Sc.', 100, 1001),
('PIEE78092000', 20161, 'IST5040', 'O', 4, 'Ph.D.', 100, 1001),
('PIEJ75111000', 20161, 'IST5040', 'O', 4, 'Ph.D.', 100, 1001),
('TOUA72012600', 20161, 'IST5040', 'O', 4, 'Ph.D.', 100, 1001),
('FENJ60032000', 20161, 'IST5040', 'O', 4, 'Ph.D.', 100, 1001),
('JOSF77610600', 20161, 'IST5040', 'O', 5, 'M.Sc.', 100, 1001),
('TANE87571800', 20161, 'IST5040', 'O', 5, 'M.Sc.', 100, 1001),
('DORP61100600', 20161, 'IST5040', 'O', 5, 'Ph.D.', 100, 1001),
('ETIP80061700', 20161, 'IST5040', 'O', 5, 'Ph.D.', 100, 1001),
('DUMP69043000', 20161, 'IST5040', 'O', 5, 'Ph.D.', 100, 1001),
('JOSW75100300', 20161, 'IST5040', 'O', 6, 'M.Sc.', 100, 1001),
('DESF70101200', 20161, 'IST5040', 'O', 7, 'Ph.D.', 100, 1001),
('AUGJ74102600', 20161, 'IST5040', 'O', 8, 'Ph.D.', 100, 1001),
('AGEJ58122500', 20161, 'IST5040', 'O', 8, 'Ph.D.', 100, 1001),
('BEND81571900', 20161, 'IST5040', 'O', 8, 'M.Sc.', 100, 1001),
('SUPE61601400', 20161, 'IST5040', 'O', 9, 'Ph.D.', 100, 1001),
('JOSG59123100', 20161, 'IST5040', 'O', 9, 'Ph.D.', 100, 1001),
('JOSS85012500', 20161, 'IST5040', 'O', 9, 'Ph.D.', 100, 1001),
('INNY85511100', 20161, 'IST5040', 'O', 9, 'M.Sc.', 100, 1001),
('ABRJ61081800', 20161, 'INF8405', 'O', 2, 'DESS', 100, 1001);

-- --------------------------------------------------------


--
-- Dumping data for table `decisionParProgramme` -> Faut il l'ajouter?


-- --------------------------------------------------------














/*!40101 SET CHARACTER_SET_CLIENT=@OLD_CHARACTER_SET_CLIENT */;
/*!40101 SET CHARACTER_SET_RESULTS=@OLD_CHARACTER_SET_RESULTS */;
/*!40101 SET COLLATION_CONNECTION=@OLD_COLLATION_CONNECTION */;
